{
  "irl_optimal_N200": [
    0.23579816638355738,
    0.21270595650372165,
    -1.08099057274444
  ],
  "irl_optimal_N2000": [
    0.024993967302147514,
    0.06001703223383355,
    -1.0769239139290596
  ],
  "irl_sub_optimal_N200": [
    0.003073452751516344,
    0.005581281309059514,
    -1.0535531597697692
  ],
  "irl_sub_optimal_N2000": [
    0.02764198398426445,
    0.008797319254188881,
    -1.0062791749342277
  ]
}